 Q-TABLE ,ACTIVE_LIMITER,GEAR_UP,GEAR_DOWN,KEEP_GEAR,
NEUTRAL_REVERSE,1.758133768,-2.207126581,-2.247190366,-2.247190282,
ENOUGH_RPM_UP,-2.247191011,1.8066045819999998,-2.247191011,-2.247191011,
LOW_RPM,-2.247191011,-2.247191011,1.807126505,-2.247191011,
REVOLUTIONIZING_ENGINE,-2.247191011,-2.247191011,-2.247191011,-1.193394629,
