 Q-TABLE ,KEEP_STEERING_WHEEL_STRAIGHT,TURN_STEERING_WHEEL,TURN_STEERING_WHEEL_SHARPLY,
STARTING_GRID,0.0,0.0,0.0,
LEFT_ROAD_AXIS,-0.8338865950283216,-0.8338817615205126,8.183873599176103,
LEFT_ROAD_AXIS_WHEEL_BLOCKING,6.867262248089288,-0.8339097098917059,-0.8386500575839364,
RIGHT_ROAD_AXIS,8.14929038181042,-0.8398320335932812,-0.8398320335932812,
RIGHT_ROAD_AXIS_WHEEL_BLOCKING,6.864044424999999,-0.8339089490669858,-0.8338069412220623,
